
<hibernate-configuration>


<session-factory>
        <property name="connection.driver_class">org.h2.Driver</property>
       <property name="connection.url">jdbc:h2:tcp://localhost/~/MyProject3</property>
       <property name="connection.username">sa</property>
        <property name="connection.password">sa</property>
          
        <property name="connection.pool_size">15</property>
          <property name="show_sql">true</property>     
        <property name="dialect">org.hibernate.dialect.H2Dialect</property>
        <property name="hbm2ddl.auto">update</property>   
        <mapping class="niit.com.hibernate2.model.Employee" />
      


</session-factory>
</hibernate-configuration>